{
  "target": 4.47101954021562,
  "clip": 4.361376989336254,
  "clip_text": 4.813972350557307
}