{
  "target": 21.617739738442797,
  "clip": 0.5723756276977459,
  "clip_text": 9.535296080937167
}